Cell_Type,TF_motif,Cohens_d,RankBiserial_AUC,FDR,n_in_class
B cells,POU2F3,3.209730036358032,0.9704908924665309,0.0,818
B cells,POU5F1,3.1112505589536092,0.9696164122640636,0.0,818
B cells,POU5F1B,3.0266296703145654,0.9638821585801778,0.0,818
B cells,POU2F2,2.9382461860189166,0.9583600859271851,0.0,818
B cells,POU2F1,2.7633844393012086,0.954355475589063,0.0,818
B cells,POU3F4,2.429590653259225,0.9384491038417645,0.0,818
B cells,POU1F1,2.4091410838792204,0.9320172896878179,0.0,818
B cells,POU3F2,2.341386754098635,0.9309068654054773,0.0,818
B cells,POU3F1,2.300686583627142,0.928326351596233,0.0,818
B cells,POU3F3,1.97910409667672,0.9007484900498748,0.0,818
CD4+ T cells,TCF7,1.3517533192406281,0.8455780909321216,0.0,1818
CD4+ T cells,TCF7L2,1.3281250789094776,0.8454708246849921,0.0,1818
CD4+ T cells,LEF1,1.264597881633556,0.8335537023733919,0.0,1818
CD4+ T cells,CTCF,1.1669998441000116,0.8175412178441819,0.0,1818
CD4+ T cells,TCF7L1,1.0776423632518064,0.7953628170388016,0.0,1818
CD4+ T cells,ZEB1,0.9714447794584221,0.768517940122088,5.6238510219692776e-272,1818
CD4+ T cells,CTCFL,0.9005544544119576,0.750918782730008,1.127221999055492e-237,1818
CD4+ T cells,TCF4,0.8683728838144982,0.7531084338717784,8.141786623701855e-242,1818
CD4+ T cells,EGR1,0.8676289050351145,0.7443218296593066,2.0615132781575975e-225,1818
CD4+ T cells,TCF12(var.2),0.8550911847450771,0.7465916149974618,1.3558843995162307e-229,1818
CD8+ T cells,TCF7L2,1.3716158034995156,0.8561005708713957,1.8232930296089185e-267,898
CD8+ T cells,LEF1,1.3365753803823832,0.8512867882516845,2.521376742325258e-260,898
CD8+ T cells,TCF7,1.2281855122764729,0.8325744849771725,1.8118949159864625e-233,898
CD8+ T cells,TCF7L1,1.030273214311514,0.7823032970827835,1.2546828645761523e-168,898
CD8+ T cells,EGR1,0.9254737764561729,0.7640170172378672,1.1173510828374469e-147,898
CD8+ T cells,CTCF,0.9220919454159794,0.7719658808838491,1.2956868191925292e-156,898
CD8+ T cells,ZEB1,0.9175719343410892,0.7628110323704451,2.414129423148052e-146,898
CD8+ T cells,SOX10,0.892921506217072,0.7460849575359031,1.7487375950624525e-128,898
CD8+ T cells,TCFL5,0.8670778607004984,0.7456157674939045,5.30221369792223e-128,898
CD8+ T cells,EGR3,0.8420578361958099,0.7405335336866036,8.080259435904475e-123,898
Dendritic cells,ZKSCAN5,1.2140226210119542,0.7954189043231774,8.63054782562233e-79,355
Dendritic cells,BHLHA15(var.2),1.1383273718165032,0.6589101993733171,7.989353206307803e-24,355
Dendritic cells,STAT1::STAT2,1.1231325377166326,0.7905396584795009,2.9524803941940807e-76,355
Dendritic cells,MYF5,1.0855561279310253,0.6732080523916284,4.90588834682896e-28,355
Dendritic cells,BHLHE22(var.2),1.0676287599262866,0.6511115525677473,1.1187147049951672e-21,355
Dendritic cells,IRF1,1.0342909827671154,0.7770117206736925,1.8658521505618694e-69,355
Dendritic cells,MYOG,0.9998477795066857,0.6164192932872808,2.0024290880073668e-13,355
Dendritic cells,ATOH1(var.2),0.9878622954152099,0.655503007376963,7.188420121381652e-23,355
Dendritic cells,TAL1::TCF3,0.9814792502861113,0.6732207396327712,4.865176813524004e-28,355
Dendritic cells,EHF,0.957585094662459,0.7501151033258935,6.905273667313806e-57,355
Monocytes,CEBPG(var.2),3.4687042129253687,0.9835859767128899,0.0,3489
Monocytes,CEBPB,3.269171397638133,0.9793144770555795,0.0,3489
Monocytes,HLF,3.094644052017931,0.9757644064070982,0.0,3489
Monocytes,MAF::NFE2,2.6702493144106154,0.9623274938551792,0.0,3489
Monocytes,MAFK,2.5726940654572843,0.9577972136993467,0.0,3489
Monocytes,JUN,2.396181392345584,0.9481302919814744,0.0,3489
Monocytes,FOS,2.292394649094624,0.9413029835910572,0.0,3489
Monocytes,SPIC,2.26285544770948,0.9309358195718371,0.0,3489
Monocytes,TEF,2.2021665846534217,0.9370113781807288,0.0,3489
Monocytes,DBP,2.0701686642327646,0.9251351476829714,0.0,3489
NK cells,EOMES,2.3831508223627638,0.9426486221369703,2.4983021095717958e-232,479
NK cells,TBX21,2.2936074491517706,0.9420803043350618,9.766613206323252e-232,479
NK cells,TBR1,2.2798678143794078,0.9404210574427909,5.175647592092259e-230,479
NK cells,TBX20,2.223438231816785,0.934636421009225,4.756799500533766e-224,479
NK cells,TBX2,2.1978200675078337,0.9420423829969761,1.065535174822882e-231,479
NK cells,TBX1,1.7903718577727488,0.905285305330811,5.258918804777104e-195,479
NK cells,TBX6,1.7744755326935941,0.900206357374206,3.488985714296474e-190,479
NK cells,TBX3,1.6653493798887706,0.8805626019763798,4.1996582438045605e-172,479
NK cells,MGA,1.6479776838008053,0.8803893190407559,5.99444282732435e-172,479
NK cells,TBX18,1.6178396648848858,0.881480750400497,6.2777898222961396e-173,479
T cells,TBX2,1.4834858696479571,0.8406380359078964,1.0469938543564257e-253,935
T cells,EOMES,1.4834258498347008,0.827803675185927,4.760628017962673e-235,935
T cells,TBX21,1.448981404977026,0.8344000615276136,1.5127057027598644e-244,935
T cells,TBR1,1.4066010588604787,0.8225406140101915,1.3085804291799476e-227,935
T cells,TBX20,1.3403022586984472,0.816833519481589,1.1174129236276904e-219,935
T cells,TBX1,1.3187630803543542,0.8096010301791583,7.985962552434914e-210,935
T cells,TBX6,1.2967509720854165,0.8071885215608684,1.3769120768510922e-206,935
T cells,TBX4,1.2708251066593672,0.8210887256773652,1.4171854248476875e-225,935
T cells,TBX3,1.2422574822391552,0.7999158759619645,5.442475790997285e-197,935
T cells,TBX18,1.1941346343960393,0.7948578160828009,1.8549342415080665e-190,935
