{
  "Dataset_Info": {
    "Total_Samples": 1455,
    "Total_Features_Original": 6888,
    "Total_Features_Final": 1000,
    "Cell_Types": 4,
    "Class_Names": [
      "B_cell",
      "Monocyte",
      "NK_cell",
      "T_cells"
    ]
  },
  "Class_Distribution": [
    {
      "Cell_Type": "Monocyte",
      "Count": 623,
      "Proportion": 0.4281786941580756,
      "Imbalance_Ratio": 1.0
    },
    {
      "Cell_Type": "T_cells",
      "Count": 616,
      "Proportion": 0.4233676975945017,
      "Imbalance_Ratio": 1.0113636363636365
    },
    {
      "Cell_Type": "B_cell",
      "Count": 134,
      "Proportion": 0.09209621993127148,
      "Imbalance_Ratio": 4.649253731343284
    },
    {
      "Cell_Type": "NK_cell",
      "Count": 82,
      "Proportion": 0.056357388316151204,
      "Imbalance_Ratio": 7.597560975609756
    }
  ],
  "Balancing_Applied": "True",
  "Model_Performance": [
    {
      "Model": "Random Forest",
      "Accuracy": 0.9725085910652921,
      "Precision": 0.9718485790650739,
      "Recall": 0.9725085910652921,
      "F1_Score": 0.9721274529418078,
      "AUC": 0.9983489534520463
    },
    {
      "Model": "XGBoost",
      "Accuracy": 0.9828178694158075,
      "Precision": 0.9826542300769106,
      "Recall": 0.9828178694158075,
      "F1_Score": 0.9824562856235941,
      "AUC": 0.9992395744445179
    },
    {
      "Model": "SVM",
      "Accuracy": 0.979381443298969,
      "Precision": 0.9799498859893371,
      "Recall": 0.979381443298969,
      "F1_Score": 0.9779622992058747,
      "AUC": 0.9976968506865413
    }
  ],
  "Cross_Validation": {
    "Train_Accuracy": {
      "Random Forest": 0.9887,
      "XGBoost": 1.0,
      "SVM": 1.0
    },
    "Validation_Accuracy": {
      "Random Forest": 0.9774,
      "XGBoost": 0.9859,
      "SVM": 0.9905
    },
    "Overfitting_Gap": {
      "Random Forest": 0.0113,
      "XGBoost": 0.0141,
      "SVM": 0.0095
    },
    "Train_Std": {
      "Random Forest": 0.0019,
      "XGBoost": 0.0,
      "SVM": 0.0
    },
    "Val_Std": {
      "Random Forest": 0.005,
      "XGBoost": 0.003,
      "SVM": 0.0033
    }
  }
}