feature,score,p_value,feature_type
PRF1,1012.790024882553,1.0381923847508228e-154,RNA
GNLY,946.9348067566439,1.9972015355571086e-147,RNA
NKG7,881.2817382295535,6.46126124214057e-140,RNA
KLRF1,840.4090984007275,4.1537291480198713e-135,RNA
BNC2,692.9717009207039,7.788171142120318e-117,RNA
NCR1,628.3051177505996,2.577583404698655e-108,RNA
KLRD1,625.8959072534054,5.4336612503120686e-108,RNA
CST7,581.1215529231785,6.963018711677839e-102,RNA
GZMA,574.5503626025359,5.670678493634911e-101,RNA
SPON2,497.4543167022018,5.39466110027832e-90,RNA
FGFBP2,409.45501398985954,9.398334654098834e-77,RNA
GZMB,406.50893988986695,2.69449161521455e-76,RNA
PTGDR,402.78547822137995,1.023232995302293e-75,RNA
ADGRG1,379.83259806988656,4.1351165260026293e-72,RNA
CTSW,375.9204745696618,1.7264615915663798e-71,RNA
CCL5,365.76178620019294,7.19663424807597e-70,RNA
NCAM1,350.983840661611,1.7192809539215933e-67,RNA
PDGFD,344.6417737192589,1.8363804350322967e-66,RNA
TGFBR3,340.84040597708287,7.635408265785141e-66,RNA
C1orf21,340.6022044377974,8.349689354213292e-66,RNA
IL2RB,339.45800817322794,1.2832887710768666e-65,RNA
PYHIN1,336.6950362778236,3.6283542364343607e-65,RNA
CCL4,319.7139044846031,2.2624591521003395e-62,RNA
SAMD3,299.7780682074052,4.809388550218062e-59,RNA
CLIC3,285.2877998565367,1.3581519332179312e-56,RNA
TRDC,284.79128584827106,1.6497511197638364e-56,RNA
NCALD,275.0190509740683,7.702615782213402e-55,RNA
YES1,272.815320405149,1.8400889909323072e-54,RNA
SH2D1B,250.8006420485198,1.2009579374482734e-50,RNA
LINC00299,244.8273494363985,1.3373358870456477e-49,RNA
RNF165,244.0579358606921,1.825721213035372e-49,RNA
MCTP2,232.00725359440744,2.4543949107724827e-47,RNA
MYBL1,226.27172613966047,2.572804819337312e-46,RNA
ADGRG5,212.034378981004,9.21573651069035e-44,RNA
DTHD1,208.3978307382203,4.185885388955552e-43,RNA
GFOD1,205.46460500427082,1.4236153439005416e-42,RNA
GZMH,189.05220848735993,1.4203187642604668e-39,RNA
CD247,180.28985286916085,5.899702271245262e-38,RNA
HOPX,180.0548103028257,6.522473886187169e-38,RNA
PRSS23,179.43580493627937,8.496353272560792e-38,RNA
PPP2R2B,171.40719718201538,2.6551329018112454e-36,RNA
A2M,168.21951020873547,1.0483840788726068e-35,RNA
LINGO2,162.26618962695062,1.3769325053935444e-34,RNA
CD160,159.07868948139134,5.497232456137196e-34,RNA
KLRB1,154.71077861741233,3.6881022345559714e-33,RNA
KLRK1,153.38062735425797,6.594557495294213e-33,RNA
CX3CR1,141.70493092013342,1.1157468215254735e-30,RNA
KLRC2,135.35774059221288,1.8575462503624937e-29,RNA
MIR181A2HG,130.40969262559912,1.6828529441355955e-28,RNA
STAT4,129.26723536111106,2.8032246783868843e-28,RNA
ZBTB16,128.50625073548218,3.939155990255096e-28,RNA
FCGR3A,127.29544003651965,6.7717136010273325e-28,RNA
LINC02384,126.89565329930207,8.099293443795318e-28,RNA
IGFBP7,124.4644999852379,2.409201549849397e-27,RNA
CD38,124.16318636433398,2.758189660779613e-27,RNA
AC243829.2,118.38798332128188,3.7146969100301317e-26,RNA
XCL2,117.35424670485463,5.925379119730032e-26,RNA
KLRG1,113.7924384185129,2.971572427022221e-25,RNA
SLCO4C1,112.67032889596386,4.944181923381576e-25,RNA
TFDP2,111.91443199321773,6.9690907131068955e-25,RNA
TOX,107.22899398361027,5.884304363442622e-24,RNA
ACTG1,102.1037126812249,6.138290342267206e-23,RNA
LDB2,96.267597529016,8.993498431050984e-22,RNA
SYNE2,90.13176242907328,1.5383875345396823e-20,RNA
PZP,89.82956443720481,1.7701011399264897e-20,RNA
IFITM2,88.69531971281693,2.998227444570301e-20,RNA
PRKCH,87.16766446323538,6.102875562695183e-20,RNA
SLAMF7,84.95745952161887,1.7099347492708437e-19,RNA
PFN1,84.44048480082165,2.176640449354485e-19,RNA
KLRC1,80.03814788774821,1.7083713237547965e-18,RNA
IKZF2,77.59731792071871,5.376383382085699e-18,RNA
ID2,73.324718703319,4.02914040300288e-17,RNA
JAKMIP2,67.69178336982763,5.817160423560343e-16,RNA
HIVEP3,65.57510269812482,1.5933383662405493e-15,RNA
IL18RAP,65.37533394982083,1.7525164222840657e-15,RNA
AL450352.1,64.5133899973908,2.6436343357844854e-15,RNA
AC244502.1,62.82682355191577,5.916466667771333e-15,RNA
TRGC2,59.06944123982449,3.580772592544866e-14,RNA
RORA,58.72098955673595,4.233176822248397e-14,RNA
AF165147.1,56.85861895133202,1.0367845241535318e-13,RNA
DPYD,56.83423120450218,1.0490316101460529e-13,RNA
IFNG,56.254067151322694,1.3872658221078318e-13,RNA
MARCH1,54.326661204111765,3.5155846749675553e-13,RNA
PPM1L,53.936257236667366,4.2453567592397817e-13,RNA
SYTL2,53.681035981134464,4.802724587901187e-13,RNA
ST8SIA6,52.790375254292236,7.388918849089743e-13,RNA
AGAP1,51.34228185768664,1.4901165091708983e-12,RNA
ACTB,51.02753625233029,1.7358364028691223e-12,RNA
UBE2E2,50.1900799776323,2.60625363452235e-12,RNA
HLA.DRA,50.129193231483065,2.6844607125902468e-12,RNA
TMSB4X,47.47513940703123,9.76268228503329e-12,RNA
DIAPH3,45.95241474447363,2.0519620505041085e-11,RNA
RRM2,44.047656577677785,5.207832952753828e-11,RNA
FCN1,44.01663847635386,5.287529978715615e-11,RNA
PPP1R9A,43.967166088870506,5.4171819247507944e-11,RNA
SLC8A1,43.947115058325416,5.4706331489536575e-11,RNA
CARD11,43.80331896197654,5.869777872407272e-11,RNA
chr4.1200231.1204285,41.310741149418625,1.9942095151467869e-10,ATAC
RAB27B,41.22410107984178,2.0809790547938682e-10,RNA
MEF2C,40.985562149655614,2.339946746986337e-10,RNA
NAMPT,40.35055982610673,3.1981143963540516e-10,RNA
LYZ,38.66858799314962,7.327017965675321e-10,RNA
DMXL2,38.387141265457124,8.419042179239928e-10,RNA
GRK3,38.23487460020573,9.076449339628634e-10,RNA
LRRK2,38.11602056152611,9.62519184440327e-10,RNA
BACH1,37.7595591352354,1.1478798404916099e-09,RNA
IRAK3,37.73637715417611,1.1611067224447044e-09,RNA
KLRC3,37.24669785169427,1.4791695966840487e-09,RNA
CD74,37.026730982982926,1.6492127827214738e-09,RNA
SAT1,37.0128040890278,1.6606165799958536e-09,RNA
ELOVL6,36.367850607765,2.2852478508413112e-09,RNA
JAK2,36.041308697384466,2.6865466938936437e-09,RNA
AC015849.1,35.95614762413103,2.8023630514493863e-09,RNA
GAB2,35.371340176168694,3.7451317196332555e-09,RNA
chr1.1623432.1632586,35.354934529931406,3.775738671786601e-09,ATAC
EFNA5,35.2973761593028,3.885120226590854e-09,RNA
RBM47,35.07936223603733,4.329047129824672e-09,RNA
MIR646HG,34.46241040983038,5.881050175530897e-09,RNA
VCAN,34.32906429856967,6.28395144466495e-09,RNA
HCK,34.27420819718034,6.457633850523769e-09,RNA
VIPR2,34.19040588334509,6.732310477774241e-09,RNA
LRMDA,33.97735855132171,7.484574343824011e-09,RNA
MCTP1,33.96511468347126,7.530285023190753e-09,RNA
MAML3,33.763623661253966,8.324064015260344e-09,RNA
TLR2,33.52558078582212,9.370751682966232e-09,RNA
KYNU,33.460128575059976,9.681035283324989e-09,RNA
AC131237.1,32.89347022716717,1.2837233777218211e-08,RNA
PAM,32.855851478962016,1.308011205372544e-08,RNA
CCL3,32.766166007462964,1.367791662310413e-08,RNA
TYMP,32.53921168596688,1.5316094127240664e-08,RNA
PDE3B,31.83741255371704,2.1736535060989878e-08,RNA
TNFAIP2,31.693496744100578,2.3355703797831257e-08,RNA
CSF3R,30.515175625836925,4.208989055708221e-08,RNA
C12orf75,30.187927766410972,4.9581013171521134e-08,RNA
TYROBP,30.07300833689127,5.251788715657274e-08,RNA
ARHGAP24,29.90280326335206,5.719160896398496e-08,RNA
WARS,29.760752791986267,6.141042839462617e-08,RNA
SDF2L1,29.707430745050026,6.307351763581235e-08,RNA
CD36,29.253849860667348,7.917941756334471e-08,RNA
PTGDS,28.8869610402118,9.518424128657727e-08,RNA
AC117480.1,28.855430514495563,9.670277232355704e-08,RNA
IFI30,28.567062654754384,1.1176998240678449e-07,RNA
CLEC7A,28.406952599048847,1.2113151292140276e-07,RNA
AC020916.1,28.329269120990997,1.2595336600065446e-07,RNA
SULF2,28.24116256519388,1.3165587476291685e-07,RNA
chr9.133130572.133135937,28.1814922234764,1.356644534955925e-07,ATAC
SLC11A1,27.7349047418861,1.698263494499031e-07,RNA
LEF1,27.71400747486383,1.716213982966288e-07,RNA
RRP12,27.452988885377756,1.9571520492830764e-07,RNA
CAMK4,27.4364857709508,1.9734805109614576e-07,RNA
chr1.206921420.206925880,26.91424845263576,2.567324111878968e-07,ATAC
RNF130,26.511668800311543,3.145128294850416e-07,RNA
FGD4,26.401086309604352,3.325579685154951e-07,RNA
MTRNR2L12,26.350704565094276,3.4112072084493256e-07,RNA
SLC14A1,26.09022705492436,3.8905321959796835e-07,RNA
PLXDC2,25.994422408065226,4.083374268852211e-07,RNA
PRAM1,25.96807179904308,4.138078416817892e-07,RNA
chr12.57475267.57480869,25.724632335659454,4.6796003740124056e-07,ATAC
HLA.DQB1,25.53484419607222,5.150721017855192e-07,RNA
PELI1,25.478588256107944,5.299316461803045e-07,RNA
TRPS1,25.42951401330433,5.432454760301916e-07,RNA
MAN1A1,25.425031282489975,5.444782620470928e-07,RNA
XBP1,25.165385287861664,6.208934425892925e-07,RNA
CCL4L2,24.537477914688413,8.532786776378328e-07,RNA
AP001977.1,24.510359495764426,8.650847725307246e-07,RNA
CD83,24.461600222099985,8.867266581228687e-07,RNA
CPPED1,24.377333164268016,9.254190796852083e-07,RNA
FTH1,24.355039717828664,9.359362214448767e-07,RNA
RAB31,24.313085437911347,9.560553011389562e-07,RNA
COTL1,24.13275265458141,1.0476013766141654e-06,RNA
RTN1,24.06775961181462,1.0827123607331572e-06,RNA
CD96,23.969501093226505,1.1380524915784404e-06,RNA
GPRIN3,23.89539036967043,1.1816651784603952e-06,RNA
ST8SIA6.AS1,23.830665340462176,1.221126381761305e-06,RNA
CTSS,23.8290710541638,1.2221149091488473e-06,RNA
HLA.DRB5,23.752628530106687,1.270468372479343e-06,RNA
WDFY3,23.69931751736585,1.3053235598728948e-06,RNA
PID1,23.697636489496222,1.3064381209997234e-06,RNA
HLA.DRB1,23.567017959670324,1.3960307585180742e-06,RNA
GREB1,23.566027172459627,1.3967334278354476e-06,RNA
ARHGAP42,23.468281319663273,1.467831379820079e-06,RNA
MYOF,23.390492528923257,1.5270034957136577e-06,RNA
UST,23.17940855228238,1.6999331760364145e-06,RNA
IL7R,23.163937706746594,1.7133561341624273e-06,RNA
AP002989.1,23.111423749323322,1.7597182784215603e-06,RNA
HSPA5,22.929965538070153,1.9298449390061505e-06,RNA
COLQ,22.59139302719734,2.292733971767636e-06,RNA
TNFSF13B,22.492751373785186,2.4108363017398318e-06,RNA
TMEM163,22.437132680325295,2.480104360505901e-06,RNA
DYSF,22.321047698291654,2.631191251863287e-06,RNA
chr22.38200761.38205443,22.216614742725085,2.7750044842554565e-06,ATAC
ENTPD1,22.08603871549604,2.965988472543503e-06,RNA
MNDA,22.039562034092583,3.037109670954059e-06,RNA
TMTC2,21.95937431564799,3.1638719310695535e-06,RNA
RANBP17,21.856104725608716,3.334990951642359e-06,RNA
ATP8B4,21.69251254032003,3.6253155699058394e-06,RNA
CDHR3,21.639009932199258,3.7256769715109254e-06,RNA
chr12.132143345.132145588,21.38191348649723,4.248321404277329e-06,ATAC
AC093865.1,21.3289691704497,4.364786352235859e-06,RNA
FHIT,21.222359894082768,4.609134161935505e-06,RNA
CREB5,20.94568867446417,5.309394451164475e-06,RNA
TFEC,20.923679468513,5.369495232527698e-06,RNA
LINC01505,20.784183591369914,5.76665585832376e-06,RNA
TXK,20.781858200818252,5.7735210090045386e-06,RNA
RRAS2,20.737802393985604,5.9051491494639436e-06,RNA
SAMSN1,20.70061620830629,6.018598619297855e-06,RNA
PRDM1,20.582136908537333,6.394887714513321e-06,RNA
CCDC88A,20.251466146055193,7.5750917046340136e-06,RNA
COLGALT2,20.20145602001573,7.771743348034682e-06,RNA
SOD2,20.013596038177592,8.557452000386123e-06,RNA
AP003086.1,19.940456289609063,8.884541057301157e-06,RNA
SLC15A4,19.579068550902534,1.0694990641885751e-05,RNA
HLA.DQA1,19.571781778418185,1.0735082490282576e-05,RNA
IL15,19.360872002267204,1.1963408247104027e-05,RNA
MS4A6A,19.35233202795962,1.2016020536866661e-05,RNA
TYMS,19.11358206906826,1.3584999488040323e-05,RNA
KLF4,19.072101261085937,1.3877907139802448e-05,RNA
ATP2B1.AS1,18.99903105803983,1.4409420059035316e-05,RNA
EPB41L3,18.95521300174377,1.4737929336921938e-05,RNA
CLEC12A,18.897577303292454,1.5181536058688345e-05,RNA
L3MBTL4,18.792393889986442,1.602603625566857e-05,RNA
PILRA,18.55504776717834,1.8109516995200925e-05,RNA
RILPL2,18.539049076892017,1.825939341081632e-05,RNA
CSF2RA,18.526739494531338,1.8375559354294205e-05,RNA
RIPK2,18.517345941667344,1.8464706755864944e-05,RNA
S100A9,18.46854406040649,1.8934903336049983e-05,RNA
chr6.16758546.16763561,18.28914270308346,2.0769402883430773e-05,ATAC
MT2A,18.20398004649625,2.1701864141119366e-05,RNA
SLC31A2,18.08417376103093,2.3085440248667735e-05,RNA
APP,18.064459375605416,2.3321472825914126e-05,RNA
CPVL,17.954333483572576,2.468537098273238e-05,RNA
GAPDH,17.916080210606687,2.517769427396147e-05,RNA
TCF7L2,17.820353965689122,2.6453462962825522e-05,RNA
TBC1D9,17.763107562681178,2.7247297146422175e-05,RNA
PAK1,17.749850910657116,2.7434521041030985e-05,RNA
TMEM176B,17.707619600093306,2.803963381365985e-05,RNA
FCER1G,17.558399223915778,3.0287432965891997e-05,RNA
MPEG1,17.44101541582853,3.218250337115351e-05,RNA
chr14.103846651.103848957,17.408736628607762,3.2724245091991685e-05,ATAC
PDE4B,17.351911387621165,3.370036628016659e-05,RNA
AHR,17.33314020422822,3.402921058940245e-05,RNA
CSGALNACT1,17.233414553053933,3.5831226026957516e-05,RNA
chr2.28389317.28397013,17.213795124178255,3.619690111482242e-05,ATAC
AC007463.2,17.109144542772928,3.8211871216858534e-05,RNA
AC073046.4,17.109144542772917,3.821187121686247e-05,RNA
FGF14,17.109144542772896,3.821187121686247e-05,RNA
PLK1,17.109144542772896,3.821187121686247e-05,RNA
AL359237.1,17.109144542772878,3.821187121686247e-05,RNA
AL118523.1,17.109144542772867,3.821187121686247e-05,RNA
LINC02726,17.109144542772857,3.821187121686247e-05,RNA
LINC00692,17.10914454277284,3.821187121686247e-05,RNA
TUBB1,17.109144542772835,3.821187121686247e-05,RNA
TFPI,17.109144542772828,3.821187121686247e-05,RNA
DGAT2L6,17.10914454277282,3.821187121686247e-05,RNA
CHST15,16.96812661510881,4.110696444848542e-05,RNA
TNFSF10,16.953101841178498,4.142816382221621e-05,RNA
CCR7,16.912756163388508,4.2303236931751275e-05,RNA
IFI44L,16.875582556491125,4.312598179988464e-05,RNA
chr12.120495424.120497399,16.85217486521561,4.3652303064984724e-05,ATAC
RAB11FIP1,16.79689024719387,4.4921207952660373e-05,RNA
FCHSD2,16.66607807214036,4.807362288739134e-05,RNA
EMILIN2,16.430710881004046,5.431781280930122e-05,RNA
TLE1,16.341007565600588,5.690728274213583e-05,RNA
WDFY4,16.131275546094194,6.345768825154411e-05,RNA
DAPK1,15.972146126911648,6.89303932089598e-05,RNA
PLCL1,15.867448565842732,7.278816424118005e-05,RNA
GLT1D1,15.856844857778711,7.319081531207519e-05,RNA
CLMN,15.84095361789157,7.379845510827783e-05,RNA
TBXAS1,15.818364966331272,7.467094730912465e-05,RNA
CEP126,15.804912034382763,7.519550201627486e-05,RNA
LRRK1,15.74956632900486,7.739289478451365e-05,RNA
INPP4B,15.719148120774591,7.862803440638999e-05,RNA
chr4.1166749.1173326,15.651502867066775,8.144648874465546e-05,ATAC
CD86,15.626031272011254,8.253397002996266e-05,RNA
chr19.1880259.1886169,15.591922739702209,8.401315453790191e-05,ATAC
RGS2,15.571399507997512,8.491603288912375e-05,RNA
RNF144B,15.353483838839537,9.512778702172637e-05,RNA
chr9.107486833.107491445,15.302714447580673,9.767958906979965e-05,ATAC
chr8.60516234.60518440,15.150530394891344,0.00010574990567246303,ATAC
KIAA1671,15.076102047667252,0.00010993840461949385,RNA
BACH2,15.075133797334907,0.0001099939817431258,RNA
ADAMTSL4.AS1,15.064077102825491,0.00011063064342376566,RNA
IL12RB2,14.947297271125775,0.00011758622133404356,RNA
chr8.90644764.90646937,14.914027025752546,0.00011964740580503,ATAC
AIF1,14.853454364978447,0.00012349407885801369,RNA
STX11,14.814772898023858,0.00012601556828108088,RNA
ST6GALNAC3,14.77688970226022,0.00012853535055462313,RNA
SLC8A1.AS1,14.762930533103516,0.0001294765980149747,RNA
RNF24,14.736172553882916,0.00013130033187936898,RNA
chr1.201019149.201024836,14.619627809373247,0.0001395507392017574,ATAC
CAMK2D,14.575561407103795,0.0001428048294483961,RNA
NLRP3,14.574150662616125,0.00014291026121007717,RNA
ANK3,14.553879115313546,0.00014443395171219545,RNA
S100A4,14.532355823016127,0.0001460696707632209,RNA
MARCKS,14.525984893799713,0.00014655742128345415,RNA
ACSL1,14.448408134032666,0.0001526300985795912,RNA
chr13.76884285.76887159,14.391528643614173,0.00015724335652376648,ATAC
GCNT2,14.333722674808296,0.00016207595088935938,RNA
chr19.50328064.50334468,14.306406404419134,0.0001644114649974838,ATAC
KCNQ5,14.234307381554126,0.00017074028502361675,RNA
TENT5C,14.202292275072057,0.00017362883023544498,RNA
PLAUR,14.13228918507464,0.00018011780655261746,RNA
VCAN.AS1,14.03923702699408,0.00018912388243573613,RNA
chr8.143936104.143955843,14.027149360019383,0.00019032667442826377,ATAC
RPS14,13.98896570627198,0.0001941771167177419,RNA
FRY,13.978172232660317,0.0001952797164989675,RNA
EXT1,13.952164214098271,0.00019796257658527062,RNA
LTB,13.923629471196636,0.00020094890288021078,RNA
LINC01934,13.918196639394576,0.00020152261223368374,RNA
chr11.61961277.61968892,13.9152225899208,0.00020183737303078707,ATAC
XG,13.913554646927054,0.00020201411818260303,RNA
ACER3,13.889120433628403,0.00020462129172140486,RNA
NR3C2,13.872826981294914,0.00020637868057353455,RNA
chr21.45642269.45644496,13.738908832180204,0.00022141247211279896,ATAC
AL031599.1,13.71595833926659,0.00022409775021695194,RNA
FCRL3,13.679732468344788,0.00022840335607257002,RNA
USP6NL,13.67365535406055,0.0002291337853681256,RNA
C5AR1,13.650363659471044,0.00023195520151184928,RNA
chr1.156813469.156817504,13.617404955266421,0.000236007661130244,ATAC
chr2.219541478.219544624,13.55174363596701,0.00024429543432388106,ATAC
chr7.131101934.131111669,13.52848060818022,0.00024730167583764167,ATAC
RIN2,13.473073007791392,0.0002546132240446625,RNA
PSAP,13.45314255220751,0.00025729628546007096,RNA
chr19.39444693.39446230,13.433588602767676,0.000259956407192822,ATAC
LINC00937,13.431056678298159,0.0002603028752636807,RNA
chr17.76514887.76516276,13.366315360782345,0.0002693222410830915,ATAC
chrX.3711154.3714350,13.364928368944224,0.000269518883222191,ATAC
TIAM1,13.33446876286035,0.0002738740697384347,RNA
CD14,13.264261243585675,0.00028418519082281827,RNA
ADAM19,13.198952776402201,0.00029412860308312765,RNA
RASGEF1B,13.178176231836948,0.00029736500557195876,RNA
ARHGEF12,13.083249264889947,0.00031261577303185915,RNA
chr12.1592366.1595655,13.074958492311335,0.00031398470117822595,ATAC
chr12.111434473.111439105,13.064953306650075,0.0003156447697473616,ATAC
chr12.121671567.121673445,13.043766390306487,0.0003191894463041263,ATAC
chr20.23361111.23363608,13.01661651702531,0.0003237906046820374,ATAC
chr16.3003447.3005113,12.97406453788511,0.00033113719185638637,ATAC
TREM1,12.97070406851264,0.0003317245015400601,RNA
LPCAT2,12.948917688174875,0.00033555772187650454,RNA
S100Z,12.92377492359432,0.00034003714523670966,RNA
CHODL.AS1,12.870401513834404,0.00034974741966449356,RNA
chr22.40043070.40046296,12.83398022043046,0.00035653395260328117,ATAC
PECAM1,12.765405675142032,0.00036967501728057267,RNA
chr16.3123493.3125210,12.672852094143767,0.00038819097665331997,ATAC
chr5.150396217.150413924,12.651697137327705,0.00039255312979590896,ATAC
BCL11A,12.642309838746499,0.0003945046274821233,RNA
MXD1,12.583280734260121,0.0004070027174578234,RNA
chr2.30230347.30233467,12.541092086886112,0.0004161797625435714,ATAC
TUBA1A,12.52807907036734,0.00041905239812439825,RNA
TEX14,12.517786703376734,0.000421338635966235,RNA
chr19.29664743.29669382,12.492867690198345,0.00042692623669107234,ATAC
IRS2,12.477199687448941,0.00043047777291896865,RNA
chr1.9651252.9655773,12.47170784519117,0.0004317296894102072,ATAC
MEGF9,12.46932364917024,0.00043227433410745136,RNA
CR1,12.45686601070102,0.000435131467601971,RNA
chr2.74833473.74836818,12.451113326052251,0.0004364572692281859,ATAC
chr6.44245653.44248312,12.432092412437589,0.0004408700967028205,ATAC
chr17.49215882.49220082,12.410318682366752,0.00044597697177432155,ATAC
chr1.15408866.15412597,12.293539600493016,0.0004744050467851574,ATAC
chr4.139554853.139557699,12.250195206542763,0.0004854168762415521,ATAC
chr16.85553086.85559484,12.240257359363566,0.0004879778378499925,ATAC
AUTS2,12.220738279166293,0.0004930477003756675,RNA
DOK6,12.21934163990552,0.000493412497093628,RNA
LINC00877,12.195635655288198,0.0004996462056980448,RNA
SERPINA1,12.169169733409783,0.0005066998072142603,RNA
ADGRE2,12.152348749177117,0.0005112351272008463,RNA
chr20.4809646.4816047,12.14395229106717,0.0005135143407444229,ATAC
GLCCI1,12.07922305434492,0.0005314335609331156,RNA
CDK14,12.063399526333326,0.0005359094154960806,RNA
chr1.162560771.162562714,12.049916229145214,0.0005397533839828613,ATAC
IL32,12.044821664493496,0.0005412130472927686,RNA
YBX3,12.03629281869517,0.0005436656215891893,RNA
THEMIS,12.022139813055249,0.0005477603215052821,RNA
FKBP11,11.929739861792816,0.0005752707855206632,RNA
LPAR1,11.929682412836543,0.0005752883176416557,RNA
AFF3,11.916536271492735,0.0005793144684430998,RNA
chr15.64823511.64826384,11.877226117295104,0.0005915245005187714,ATAC
GASK1A,11.836799508385726,0.0006043529560530992,RNA
FCAR,11.826089900197672,0.0006077983173557434,RNA
chr7.98280493.98286700,11.768773404069178,0.0006265781109637774,ATAC
chr1.24501192.24504480,11.722503068207972,0.0006421661692608704,ATAC
chr1.25819126.25821650,11.693513400773128,0.0006521318827158324,ATAC
ITSN1,11.692550753853336,0.0006524654810041255,RNA
chr10.92847508.92849462,11.60586047780138,0.0006832264740799656,ATAC
chr4.2796721.2801758,11.599829034154503,0.000685420493123289,ATAC
NR6A1,11.557127108433724,0.0007011592037863095,RNA
chr16.525473.530753,11.556461359698588,0.000701407453933759,ATAC
MAP3K20,11.513795809192,0.0007175038990337627,RNA
DGKG,11.505390796625266,0.0007207186770465215,RNA
PLA2G4A,11.495808708812651,0.0007244014552531405,RNA
FGL2,11.47805918302393,0.0007312737012896824,RNA
FANCC,11.469399069540525,0.0007346506318471891,RNA
chr2.168246298.168248188,11.458513402899614,0.0007389177960809588,ATAC
HIST1H4C,11.445587634563484,0.0007440172719415666,RNA
SIPA1L3,11.426926580317406,0.0007514423425133133,RNA
LINC00469,11.409281967364944,0.000758531964787856,RNA
ALOX5AP,11.395102766253588,0.0007642782230236745,RNA
PLBD1,11.30941842820454,0.0007999528018718449,RNA
MOB3B,11.276075406774883,0.0008142866815412704,RNA
HLA.DPB1,11.241499764964706,0.0008294252158425735,RNA
PLAGL1,11.195568163499143,0.0008499775700696155,RNA
chr9.114382620.114389246,11.11938504498655,0.0008852098217564157,ATAC
chr2.219251655.219255410,11.110050308582501,0.0008896273581773936,ATAC
chr22.50538113.50543071,11.075095178320549,0.0009063686715682267,ATAC
chr7.92832329.92837250,11.064160506652273,0.0009116709379342783,ATAC
ANXA1,11.04109261862404,0.0009229599304625939,RNA
chr11.62551291.62558590,11.03093830664972,0.0009279740408763955,ATAC
chr15.75842451.75845415,11.001534031046047,0.0009426497989930886,ATAC
SESN3,10.999070674295327,0.00094388988927414,RNA
CDH1,10.939776658623614,0.0009742432016557362,RNA
EPB41L4A,10.936433722891588,0.0009759836455049155,RNA
TBC1D4,10.90574221818112,0.0009921106144753472,RNA
TCERG1L,10.897184924008693,0.0009966550204442502,RNA
chr14.57389685.57391658,10.896566566541361,0.0009969842189860637,ATAC
ST3GAL6,10.844641712350105,0.001025024483063883,RNA
FRMPD3,10.762503532460016,0.0010710218552655683,RNA
chr11.130313757.130316151,10.752272928919433,0.0010768956241584975,ATAC
CPED1,10.674216290045402,0.001122799081170223,RNA
SWAP70,10.672511333352507,0.0011238235624306213,RNA
CST3,10.626171491716438,0.001152034229411783,RNA
chr7.601254.605391,10.571370534061339,0.0011863239070781335,ATAC
TMEM170B,10.56332705178829,0.001191443172864401,RNA
chr14.99603087.99605941,10.50509057898109,0.0012291819625385543,ATAC
chr12.57940644.57942365,10.502805548320424,0.0012306871871103594,ATAC
chr7.155296520.155300068,10.459241996098216,0.0012597440767608268,ATAC
SLC2A3,10.427378478685666,0.0012814366641885685,RNA
ZFHX3,10.422291778294497,0.0012849345677048833,RNA
chr19.10601924.10605130,10.410522673673592,0.0012930648309697787,ATAC
chr13.51451103.51454346,10.37940725240606,0.0013148119765555126,ATAC
chr8.22440098.22444563,10.370079089798102,0.001321403588733369,ATAC
TTN,10.36766276769013,0.0013231165058720557,RNA
PTPRE,10.319318523744792,0.0013578646914732915,RNA
chr15.42272759.42275402,10.29933317662989,0.0013724985296042398,ATAC
GAS7,10.27743420683651,0.0013887173221688468,RNA
TNFRSF1B,10.264814880968322,0.0013981515786372154,RNA
chr20.32580744.32586803,10.250180946705001,0.0014091734020649851,ATAC
PPIB,10.22416793590006,0.001428983633203428,RNA
CD69,10.192607164559448,0.00145339850873846,RNA
AOAH,10.153429374729154,0.0014842954108904433,RNA
PTPRM,10.141888787773437,0.0014935231369746149,RNA
P2RX1,10.13150975976261,0.001501871794824188,RNA
STK3,10.131239475954084,0.001502089836467454,RNA
chr1.169485056.169486759,10.105564645170396,0.0015229491837269933,ATAC
FAM111B,10.086189668108519,0.0015388846389220608,RNA
AJ009632.2,10.052663134438001,0.0015668601810875978,RNA
GPHN,9.95411111685552,0.0016521201470350618,RNA
CSF1R,9.946032673814118,0.0016593144823013103,RNA
TCF4,9.930821550399267,0.0016729473134375129,RNA
ASPM,9.915610881286547,0.0016866934264213418,RNA
chr11.404576.410487,9.904929909839435,0.001696414447106894,ATAC
chr21.42060812.42064654,9.886794436842534,0.0017130504367875562,ATAC
chr11.566052.569669,9.87288504639307,0.001725921903358551,ATAC
chr2.74553163.74556221,9.8706353486095,0.0017280129320250115,ATAC
chr3.128051482.128053156,9.853650408118755,0.0017438831669411416,ATAC
LINC02432,9.83730053894693,0.0017592997739977925,RNA
chr16.29661751.29667353,9.836616429800815,0.0017599478409306049,ATAC
chr2.218367006.218372241,9.833272693518516,0.0017631189015982077,ATAC
chr17.76381303.76386565,9.811785574213442,0.0017836352590031067,ATAC
chr2.54722938.54725339,9.794493404218441,0.001800322092558819,ATAC
chr2.12715857.12719363,9.784288661408501,0.0018102438817297675,ATAC
DUSP6,9.783883441431005,0.0018106390099032075,RNA
chr9.86281589.86283532,9.735261870150097,0.0018586909983612835,ATAC
chr5.123511560.123513512,9.734933446785297,0.0018590199393049675,ATAC
chr11.2376517.2389822,9.731045886524058,0.0018629181200616961,ATAC
HLA.DPA1,9.705317590872578,0.0018889267917581508,RNA
AL136018.1,9.689481604677038,0.0019051183742724658,RNA
EVA1C,9.675231030412839,0.0019198094062911968,RNA
chr19.1130541.1134492,9.655503712550804,0.0019403365363255419,ATAC
chr16.29804465.29812797,9.653744915038375,0.00194217742913593,ATAC
ARHGEF40,9.649639392083973,0.0019464814910691596,RNA
ATF3,9.603892341971928,0.001995101292001605,RNA
APBA2,9.594368176969935,0.002005377685463979,RNA
chr19.18424779.18430475,9.547475800889034,0.002056763212653788,ATAC
chr3.51941228.51944230,9.52611593951057,0.002080611188262152,ATAC
FCGR3B,9.49170731617215,0.0021196201940231435,RNA
RASGRF2,9.478573841949666,0.0021347048052483717,RNA
AC100843.1,9.430404730511162,0.002190969858814917,RNA
INSR,9.41170014525842,0.0022132222904376144,RNA
chr3.67653489.67656510,9.40604280845568,0.002219997830781535,ATAC
ARHGEF11,9.400161269654552,0.0022270642372110732,RNA
chr17.996272.997601,9.395935070063096,0.0022321559363288695,ATAC
AL157871.4,9.354005787917153,0.002283317519001731,RNA
chr3.45688209.45690908,9.35270971132856,0.0022849178264228876,ATAC
S100A8,9.304268423472655,0.002345554563757869,RNA
ZBP1,9.260638745452733,0.0024015676339152153,RNA
chr12.55828939.55831798,9.254163338459028,0.0024099960713166724,ATAC
KIAA1958,9.24117204117599,0.00242699643446015,RNA
chr17.27293352.27295471,9.230163338060557,0.002441497780945314,ATAC
chr9.111896093.111898343,9.200447732624397,0.002481082390961447,ATAC
chr12.9756757.9761958,9.191488060583083,0.0024931452715640937,ATAC
chr17.17693005.17695806,9.188499206197456,0.002497182574234803,ATAC
LYST,9.174392626550357,0.0025163274558366324,RNA
ABCB1,9.154361582490345,0.002543769509644152,RNA
chr9.136973101.136981832,9.134433031222217,0.0025713731701970007,ATAC
LINC02232,9.124767448874644,0.00258487077004921,RNA
chr3.48918002.48920252,9.116606399342883,0.0025963234372223744,ATAC
chr11.35082219.35084314,9.101498807435078,0.002617660777811048,ATAC
AL589693.1,9.094181920481923,0.002628058861303278,RNA
SAMD4A,9.074891397804723,0.0026556745922212146,RNA
MX1,9.065930090428406,0.0026686035466977243,RNA
PARVA,9.057360577170998,0.002681027118901541,RNA
chr15.60590953.60593340,9.03916458188274,0.002707602022622058,ATAC
AC116362.1,9.029636165658994,0.0027216248209216204,RNA
AP001021.3,9.02091291850596,0.00273452743264238,RNA
chr5.139387693.139394784,9.019196233116476,0.0027370739110592784,ATAC
chr1.154403128.154408717,8.997260989124742,0.002769825110500406,ATAC
chr5.68214703.68217108,8.991680388364907,0.0027782208548860128,ATAC
SLC24A4,8.94095350110085,0.002855734366175327,RNA
MAL,8.921253916979971,0.002886426389873591,RNA
chr6.134173891.134176749,8.911535294918972,0.002901691458286539,ATAC
IRF8,8.902559164219003,0.002915863257373287,RNA
LINC01550,8.902393758386197,0.0029161250651320537,RNA
chr19.18020884.18024632,8.88633241411855,0.002941661557043811,ATAC
MELK,8.882029052028386,0.002948542194108615,RNA
AC008014.1,8.879702817993527,0.002952268421771594,RNA
SLC22A15,8.876310920734227,0.0029577102481639834,RNA
chr2.238287464.238290500,8.85221063658646,0.0029966708653248273,ATAC
chr7.74082863.74085303,8.850289825574981,0.002999798438762126,ATAC
chr8.11801912.11803592,8.837908168446605,0.0030200388335076996,ATAC
chr13.99085133.99088604,8.817442316594631,0.003053799750534439,ATAC
chr16.88633274.88643113,8.810316681296698,0.0030656442949648396,ATAC
BANK1,8.79303392877113,0.0030945670636690382,RNA
LST1,8.780070481909998,0.003116443625572757,RNA
chr1.160261409.160263476,8.777992655444983,0.0031199646864738697,ATAC
chr18.75207752.75212578,8.740120154680968,0.003184857354236187,ATAC
chr17.7477180.7480302,8.732928392106874,0.003197334470776243,ATAC
chr4.42655283.42657992,8.722023045874485,0.0032163493590392986,ATAC
chr3.183634873.183637310,8.631739539638529,0.00337825971878088,ATAC
chr1.92482197.92487399,8.611797170529853,0.003415128669685889,ATAC
chr14.100064701.100069504,8.596197029160207,0.0034442552845128558,ATAC
chr11.118908757.118915558,8.587970380392846,0.003459716800385195,ATAC
FRMD4B,8.572376938273646,0.0034892180480891,RNA
chr14.22549485.22559034,8.558818682021514,0.003515077110833953,ATAC
chr11.2927710.2934072,8.547216661291433,0.0035373600780440103,ATAC
chr10.110006859.110009157,8.540577255172922,0.0035501764681413173,ATAC
chr10.28531782.28534319,8.500090554568253,0.0036293603276859824,ATAC
chr18.79068175.79070011,8.495698334026798,0.003638058113976127,ATAC
TRAC,8.495602944266219,0.0036382472469510597,RNA
chr16.87382511.87384922,8.42969435403382,0.0037713513504505037,ATAC
chr10.125718641.125720302,8.385430421838882,0.003863519068194421,ATAC
ZNF804A,8.36892612102597,0.00389846950843382,RNA
chr12.47816822.47821002,8.362401168934921,0.003912375839613057,ATAC
chr9.111482567.111484833,8.3510113073252,0.003936771799166455,ATAC
chr1.26785970.26789617,8.336125996533836,0.003968888567437703,ATAC
CNTLN,8.310519502091255,0.004024763748516858,RNA
chr1.44799301.44811026,8.305938813428307,0.004034843369009941,ATAC
GK,8.30258828412097,0.004042232364733163,RNA
chr3.184360902.184364114,8.299799250362923,0.004048393601082423,ATAC
IGSF6,8.282573454119063,0.0040866597353351256,RNA
MCOLN2,8.25978685393948,0.004137846075117614,RNA
PCNA,8.226164485692513,0.004214569713053445,RNA
chr1.151611173.151613205,8.198479337840313,0.004278833162029978,ATAC
chrX.153966927.153973708,8.192241544360346,0.004293449889166091,ATAC
ST3GAL4,8.188120741163841,0.0043031338926056125,RNA
chr2.201115450.201120636,8.185779887875261,0.004308644881084235,ATAC
chr9.96449383.96451671,8.175218960361857,0.004333597728315179,ATAC
chr1.84504959.84507136,8.173879625937792,0.004336772755408047,ATAC
PIP5K1B,8.173524201544552,0.004337615722949147,RNA
chr6.30555158.30557935,8.16609307675423,0.004355278599657446,ATAC
SHTN1,8.16164715944092,0.00436588105517873,RNA
chr19.41350645.41357933,8.14084641746201,0.004415836664173004,ATAC
chr9.127714387.127716599,8.139849610180125,0.004418245209280911,ATAC
chr10.69087306.69094225,8.115463264650417,0.004477588179429109,ATAC
FAM198B.AS1,8.107515704546062,0.00449710332740014,RNA
chr6.96923714.96925439,8.091649934070407,0.004536321450790332,ATAC
LINC01762,8.055479075076308,0.004627040798955653,RNA
AC002429.2,8.049469166903302,0.004642292478055749,RNA
chr19.16110725.16112434,8.029545919597203,0.0046932206691097005,ATAC
chr17.75032083.75037407,8.026236737896447,0.004701734706794969,ATAC
chr6.157822429.157824578,7.986196500768213,0.004806010195098809,ATAC
FAM49A,7.959081144162295,0.004877963378066682,RNA
chr5.139708442.139712256,7.9545572371588955,0.004890074581700684,ATAC
EAF2,7.940510559199983,0.004927875679701552,RNA
chr7.127650869.127652790,7.846275694346075,0.0051893050147693714,ATAC
NHSL1,7.828564984640763,0.005239997875630793,RNA
VLDLR,7.825747855311081,0.005248107753123822,RNA
chr7.107742864.107744826,7.8215035148462215,0.005260350456560007,ATAC
chr6.107821802.107825167,7.791519429828563,0.005347673756642482,ATAC
NLRP12,7.769669733863068,0.005412238404058619,RNA
chr8.66612319.66614410,7.768234894742038,0.005416506029727721,ATAC
ALCAM,7.7624071599629065,0.005433874753255476,RNA
chr18.62186431.62188433,7.7491019472031,0.005473742534468642,ATAC
chr19.36213810.36215730,7.733031459001325,0.005522294832952225,ATAC
chr5.176388042.176389826,7.727028973468598,0.005540542237993478,ATAC
chr4.56976370.56980024,7.711469504685667,0.00558812993580711,ATAC
chr7.100603128.100606110,7.699023520658863,0.005626495679212343,ATAC
chr19.38647023.38648781,7.6880320815609515,0.005660601402033358,ATAC
chr13.114280405.114282763,7.6820532228081895,0.005679242032288051,ATAC
DOCK4,7.66315242656354,0.005738583693993547,RNA
TMEM144,7.65975464616244,0.00574931849270162,RNA
FGD6,7.641245377413927,0.005808157255111028,RNA
chr1.9822778.9826136,7.627804648021929,0.005851269084056145,ATAC
PLCB1,7.608846343183797,0.005912635435248467,RNA
chr19.41322656.41329371,7.607965840494662,0.005915501475826042,ATAC
chr13.97975461.97977431,7.6046940295796635,0.005926163682212317,ATAC
chr17.49762402.49764925,7.593764581892322,0.0059619232676935766,ATAC
SETBP1,7.591440820599003,0.005969554667490546,RNA
TAF4B,7.59068956310645,0.005972023986338506,RNA
chr10.103367440.103369219,7.575673217966005,0.006021601013273758,ATAC
chr3.182792308.182795844,7.557345590655525,0.006082680878121031,ATAC
chr1.42035061.42036688,7.5381453651774155,0.006147348355207312,ATAC
chr1.110963055.110964600,7.52822132620387,0.006181048185269751,ATAC
chr17.78351412.78361525,7.521688554429994,0.006203335055778309,ATAC
chr1.117605105.117607995,7.517280655746125,0.006218419220828703,ATAC
chr17.7213702.7218283,7.5043611491994415,0.006262847154701057,ATAC
chr14.23285151.23287000,7.481592240120379,0.006341937084003157,ATAC
NELL2,7.475993014806452,0.006361542495649788,RNA
chr20.25056654.25059533,7.471761304489071,0.006376400731905472,ATAC
KIF13A,7.468423974933483,0.006388143675208764,RNA
AL034397.3,7.462364395703204,0.006409521864281427,RNA
chr14.100544659.100550146,7.458741564996534,0.006422338139288625,ATAC
chr1.37807433.37809366,7.458120568378007,0.006424537632184674,ATAC
IL4R,7.456209886598856,0.006431309862262465,RNA
chr8.144516743.144518719,7.455900504949603,0.006432407122686073,ATAC
UBA6.AS1,7.440269905479386,0.006488092892341095,RNA
TSPAN5,7.433976844908704,0.006510651612032617,RNA
AC139720.1,7.42713215157412,0.006535278860542888,RNA
chr19.18000119.18003046,7.418282592444835,0.00656726092050766,ATAC
chr2.174485681.174487894,7.413074474265576,0.006586157698332603,ATAC
chr7.138459500.138461485,7.413033623810306,0.006586306136934487,ATAC
chr19.2840586.2842643,7.412429616704708,0.00658850132141786,ATAC
chr19.16322787.16335739,7.4116662459304425,0.0065912767628390325,ATAC
AL136962.1,7.406496551407254,0.0066101040885121025,RNA
chr8.18082946.18085246,7.400514866798924,0.006631957233767502,ATAC
JDP2,7.387446566796472,0.006679957679669772,RNA
ICAM1,7.373376416786182,0.00673203540975715,RNA
chr1.89632255.89634581,7.36503706731943,0.006763097634420295,ATAC
TSHZ2,7.364451072203187,0.0067652858420631234,RNA
PHACTR1,7.355641254426167,0.006798270673467359,RNA
chr2.191020011.191021485,7.348559560000753,0.006824904501377677,ATAC
AC108690.1,7.348427856875214,0.00682540083884578,RNA
MS4A4E,7.342895737361872,0.006846282619906221,RNA
chr14.49633020.49636057,7.337834993841515,0.006865442371662476,ATAC
chr17.8382576.8384361,7.331138281148825,0.00689088019493408,ATAC
MCM10,7.312712686495661,0.006961369704966428,RNA
GNG7,7.29454909308711,0.00703157922897498,RNA
chr12.70242535.70244638,7.274117601028579,0.0071114217011406,ATAC
LINC02245,7.258302565762924,0.007173860602016908,RNA
chr20.34708446.34711397,7.255835887745027,0.007183649688984038,ATAC
chr22.44023618.44027636,7.248426038791864,0.0072131382074239695,ATAC
STYK1,7.246090024256901,0.007222460365755466,RNA
chr5.81749413.81752254,7.237457101939344,0.0072570182570259574,ATAC
JUN,7.231884048081244,0.0072794172479208,RNA
chr19.13116149.13119376,7.225790198712149,0.007303990414272637,ATAC
GASK1B,7.221066415587092,0.007323097267160832,RNA
chr19.40463447.40467688,7.21495630293948,0.007347887496028566,ATAC
chr3.126474666.126476952,7.20673639311141,0.007381373291262259,ATAC
SLC44A1,7.189958155839585,0.007450209281686035,RNA
ANPEP,7.1629751502176875,0.007562293857998891,RNA
chr1.2298423.2302750,7.129736204062957,0.0077027423782629525,ATAC
chr18.21740176.21742070,7.125442948727139,0.007721076986356328,ATAC
chr3.4976092.4980761,7.10035305503637,0.007829122463427481,ATAC
chrX.24148830.24150932,7.0913408762061945,0.007868308913131747,ATAC
chr10.117373529.117376574,7.066590528431138,0.007976964415918143,ATAC
CRELD2,7.064503223662821,0.007986197806054566,RNA
chr5.172173007.172176154,7.059424568542316,0.00800870947714153,ATAC
chr8.94893568.94897004,7.045889374457679,0.008069023710330568,ATAC
chr10.102449333.102451717,7.023118588794815,0.0081715448830128,ATAC
chr7.920543.926453,7.022252817761548,0.008175469088767302,ATAC
chr16.89114256.89116577,7.013301232377422,0.008216156552374215,ATAC
chr17.37358318.37359990,7.002688077200602,0.008264665291751867,ATAC
MLLT3,6.985004561986132,0.008346142915603443,RNA
chr1.55212752.55216294,6.970865894540992,0.008411879470803888,ATAC
chr3.134485065.134487813,6.9327358351824975,0.008591820510352169,ATAC
chr1.113811276.113813173,6.921257943172504,0.008646755348611907,ATAC
ANKRD22,6.920797690483694,0.008648965678547348,RNA
chr22.20297996.20300236,6.9107598714659,0.008697315926497796,ATAC
chr6.45419442.45424784,6.907695906172992,0.008712129597581266,ATAC
STRBP,6.9038445334003224,0.00873078693322859,RNA
FMN1,6.895525011193706,0.008771229436240794,RNA
GRAMD1B,6.892466470745327,0.008786145727482443,RNA
chr17.77372088.77377034,6.881959809873308,0.008837584433024914,ATAC
MS4A7,6.866010396593129,0.008916260795707351,RNA
AC084871.1,6.821138183039184,0.009141485655953034,RNA
chr11.112225752.112227385,6.813402441371158,0.009180899099701822,ATAC
chr4.128286366.128289250,6.799993381760423,0.009249631451797333,ATAC
chr10.18658253.18660311,6.789801457588239,0.009302226310073299,ATAC
chr9.20683317.20685126,6.788916736035904,0.009306806315160664,ATAC
FAM13A,6.78187254855411,0.009343355137350849,RNA
HNMT,6.776868375340553,0.009369408768921412,RNA
RALGPS2,6.757222978724229,0.009472413041603374,RNA
chr1.1066652.1070939,6.727988559339114,0.009627850117719595,ATAC
chr15.44426355.44428526,6.721817102005085,0.009660996515060655,ATAC
SMYD3,6.710880018530436,0.009720026701726324,RNA
chr13.51801787.51805699,6.70455595377815,0.009754328058135746,ATAC
CLIC4,6.694080578909903,0.009811419481832142,RNA
chr1.180154020.180156664,6.684873120988032,0.009861883896841055,ATAC
chr11.72720027.72723089,6.680529985013419,0.009885780249358501,ATAC
ZFAT,6.6620485314107905,0.009988133542930655,RNA
STPG2,6.640761710298981,0.010107372793700335,RNA
HERC5,6.618224947781056,0.010235207460370288,RNA
chr22.41935645.41941883,6.589078877520007,0.010402998148289055,ATAC
chr20.59004173.59008652,6.584545806664005,0.010429347281370583,ATAC
NEDD4,6.5626980920690166,0.010557305017879957,RNA
APOBEC3A,6.558836362683449,0.010580089581936824,RNA
chr19.14374602.14376747,6.543626307888296,0.010670322765280934,ATAC
SCLT1,6.54148710867265,0.010683076767679314,RNA
chr12.106954724.106957483,6.525337630793421,0.010779867538520485,ATAC
chr2.19347258.19348913,6.4810095029967,0.011050203340265024,ATAC
chr16.88697466.88707361,6.467350742067237,0.01113489814596771,ATAC
chr11.68120154.68122503,6.46458907540188,0.011152103533089888,ATAC
chr20.38804535.38808056,6.451959111130751,0.011231138094446511,ATAC
chr1.43366406.43368956,6.437719996690499,0.0113209330748062,ATAC
chr17.67992628.67994350,6.428836783545895,0.011377326098684264,ATAC
chr10.80203036.80206212,6.427151904067743,0.011388054707572003,ATAC
chr9.36190200.36191780,6.417820865917842,0.011447659460689532,ATAC
chr2.43223629.43230066,6.40561861933169,0.011526089239153298,ATAC
chr9.127396208.127398472,6.4009915728809785,0.011555973806279108,ATAC
ENHO,6.389057237212015,0.011633422078010318,RNA
chr8.130356997.130359330,6.378819980323287,0.011700282351652304,ATAC
PSTPIP2,6.377738574520314,0.011707368130894798,RNA
chr22.26671068.26674908,6.368095870978953,0.011770746223263968,ATAC
chr17.7883678.7889578,6.367391384560662,0.011775390373660958,ATAC
chr2.98730071.98732197,6.359665748456715,0.011826443522572998,ATAC
chr19.1079454.1092137,6.3594972949455375,0.01182755924278837,ATAC
PDE7B,6.355895472243036,0.011851441162204882,RNA
chr4.113760061.113763259,6.354288389718861,0.011862112934945797,ATAC
ZNF683,6.348917143679841,0.011897852276357559,RNA
chr2.231602893.231606140,6.344433888284761,0.011927767880411121,ATAC
chr16.88780038.88786080,6.3401473838965945,0.01195644297230285,ATAC
chr11.67265916.67273980,6.333141934680376,0.012003459517993946,ATAC
chr19.35264405.35270245,6.329125235350987,0.012030503039952425,ATAC
chr3.66499430.66501731,6.325428215021625,0.012055449631163156,ATAC
ZNF16,6.322799794884333,0.012073217931212656,RNA
chr10.84327831.84330770,6.320117602934771,0.012091377508303044,ATAC
chr15.41283301.41285160,6.31452998014181,0.012129298387431582,ATAC
chr11.114399724.114401213,6.309951034953199,0.01216046499798698,ATAC
chr22.30356107.30357743,6.306370625585156,0.012184892465142481,ATAC
chr1.24963242.24967123,6.3016821266080845,0.012216956275044556,ATAC
chr2.108448479.108450117,6.3011174287520015,0.012220823996540921,ATAC
chr14.99268117.99275194,6.2960399620223795,0.012255657162498884,ATAC
chr20.36460533.36463274,6.282925764985278,0.012346098544429111,ATAC
GCH1,6.2782000053740346,0.012378857593362021,RNA
EPB41L2,6.275726015176757,0.012396042995275644,RNA
chr2.44360923.44363053,6.262016998299513,0.012491717725434233,ATAC
MYO1E,6.241738607889449,0.012634635547354842,RNA
chr19.10104398.10106956,6.217544478867036,0.01280735508757994,ATAC
TRGC1,6.213745966636679,0.012834692258198544,RNA
AC008147.1,6.211424758113573,0.01285142711906747,RNA
chr1.151457107.151459987,6.209490256552441,0.012865391159922572,ATAC
chr1.147598676.147600798,6.199721633377801,0.012936144154528956,ATAC
chr14.70906845.70909073,6.194279087023032,0.012975737541471235,ATAC
chr14.102775896.102778897,6.181097039554412,0.013072152120448126,ATAC
chr7.157138181.157140443,6.177418435213913,0.013099189169487635,ATAC
chr20.62237756.62240464,6.1734497944429005,0.013128422513798149,ATAC
chr7.151079854.151084184,6.170550516933263,0.013149821299592544,ATAC
chr16.89719107.89724631,6.1660822901641295,0.013182870437338089,ATAC
chr1.151055764.151060724,6.161075756085719,0.013220002790992112,ATAC
chr11.65779509.65782574,6.130065831283413,0.013452409143734636,ATAC
chr19.45448951.45452848,6.1261360089165295,0.01348216050493491,ATAC
chr2.30144894.30155073,6.125724572166535,0.01348527927109679,ATAC
chr12.49705495.49708130,6.110636217301633,0.013600166663887988,ATAC
chr19.40569832.40571404,6.109958015314479,0.013605354321908139,ATAC
chr6.17599841.17601521,6.083144780356073,0.01381209456082551,ATAC
MAFB,6.08088902767025,0.013829634232829653,RNA
chr3.49411131.49413101,6.07262719486957,0.013894070574405221,ATAC
SH3RF3,6.062276337076342,0.013975236674509353,RNA
chr7.100582991.100587403,6.056252741248883,0.014022695385578942,ATAC
chr19.39390321.39392156,6.039521750408979,0.014155388918606838,ATAC
chr11.2901327.2903389,6.035565785380146,0.014186952445424297,ATAC
chr11.78416208.78421275,6.031212993689202,0.014221765979803003,ATAC
CHN1,6.027853146375058,0.014248698179442394,RNA
chr9.99103914.99106230,6.019811382562551,0.014313373883006497,ATAC
chr11.34050992.34053861,6.017322066007323,0.014333455434982977,ATAC
chr12.103840403.103842321,6.01589180425271,0.014345006627894178,ATAC
GLUL,6.006254627354713,0.014423089766555625,RNA
SMIM25,5.963613380711458,0.014773876303936428,RNA
FAM222B,5.960284552129489,0.014801628370026009,RNA
chr5.270793.272302,5.944975108643965,0.014929955418847507,ATAC
chr8.23246142.23247367,5.94321224042519,0.01494480565667354,ATAC
chr1.150558493.150564690,5.939126041158023,0.01497928603585885,ATAC
TENT5A,5.933009649750501,0.015031051104898763,RNA
DAB1,5.923230120731486,0.015114202266246775,RNA
chr18.63421522.63423423,5.921095336986508,0.01513241643452094,ATAC
GAB1,5.911975729490634,0.01521048111367167,RNA
LEF1.AS1,5.911895938377955,0.015211165963432551,RNA
chr17.29389763.29391780,5.900480416380241,0.015309474379479835,ATAC
AC103591.3,5.893199335030601,0.015372519937975136,RNA
chr16.2535439.2538578,5.891484542849355,0.01538740694918283,ATAC
chr6.113969828.113971890,5.887411669495081,0.01542282535930487,ATAC
chr1.150972143.150975628,5.882006086852807,0.015469963206159853,ATAC
chr16.28950216.28951792,5.856310293899647,0.01569607777498599,ATAC
chr17.82291708.82294164,5.847519626426965,0.01577421356885022,ATAC
RANBP3L,5.841604516586435,0.01582701586528725,RNA
chr5.76401638.76405323,5.840569439212962,0.015836274410946323,ATAC
NRG1,5.831259363301464,0.015919802779156132,RNA
chr5.1385386.1387519,5.830280722908589,0.01592860934638203,ATAC
BLK,5.820850159569354,0.01601373107883482,RNA
chr3.49802289.49807993,5.809849492752755,0.016113618539692676,ATAC
chr7.151349509.151350709,5.76931073303741,0.016487303936113373,ATAC
chr15.90229897.90234874,5.7504052081440395,0.016664623908915044,ATAC
PTPRK,5.742699815151982,0.01673745884964792,RNA
chr17.56832923.56835464,5.7404377273163565,0.016758903534632132,ATAC
chr7.24978875.24982179,5.740077905436694,0.01676231727648383,ATAC
PLEKHG2,5.731588359206501,0.016843069008336764,RNA
EEPD1,5.728719036960073,0.016870452508156164,RNA
chr15.92807828.92810949,5.723135747425975,0.016923868786125895,ATAC
CLEC4E,5.722495266714192,0.016930007536661004,RNA
chr5.171386913.171389101,5.7101660894672595,0.0170486272474158,ATAC
SGMS2,5.697965942065094,0.017166851117182236,RNA
chr17.29611562.29618761,5.682933847858005,0.017313683602377207,ATAC
chr8.38899688.38902627,5.677714756991712,0.017364966389004553,ATAC
chr10.91220073.91221578,5.676544987590771,0.01737648206612615,ATAC
chr13.49443313.49445573,5.671990682629333,0.01742139170803883,ATAC
chr2.234288845.234293221,5.663645277895436,0.017503996707562468,ATAC
chr3.13479193.13481224,5.661407853494477,0.01752621207313182,ATAC
chr17.58323411.58340392,5.649264585131721,0.017647291891972415,ATAC
KNL1,5.6475821456087765,0.0176641354776533,RNA
NIBAN3,5.626271524381123,0.017878929229913333,RNA
chr19.11345405.11347235,5.6249416556417975,0.017892422427808963,ATAC
chr19.51365341.51369196,5.624465208534385,0.01789725914719208,ATAC
AL691403.1,5.620381649132942,0.01793876946653102,RNA
chr13.113489779.113491794,5.618329534665194,0.01795966725704633,ATAC
chr22.38504627.38507295,5.614091536938656,0.018002904800965742,ATAC
RPL10,5.597784027695939,0.01817028640472006,RNA
CD79A,5.5771967741664845,0.018383897121176905,RNA
chr17.2592860.2595148,5.574034943349119,0.018416933274062474,ATAC
LRRC25,5.569268661510335,0.018466849530450365,RNA
chr15.70094649.70101459,5.564791821694563,0.018513862002125236,ATAC
KHDRBS2,5.563932216419557,0.01852290310438743,RNA
HLCS,5.561421416040041,0.018549337209156407,RNA
GBP1,5.554007022169592,0.018627625173598776,RNA
PRTFDC1,5.5508233426392195,0.018661346222418655,RNA
chr8.41489707.41491361,5.547090692805249,0.018700962336382843,ATAC
chr19.47607813.47610878,5.539185199460878,0.018785154122295884,ATAC
chr11.67613413.67616568,5.537606529293997,0.018802013546861444,ATAC
RAB20,5.5333486184448475,0.01884756406727343,RNA
chr1.8816643.8818577,5.5074695513906935,0.01912688221653586,ATAC
RUFY4,5.507316853787328,0.019128542968641467,RNA
chr4.75672092.75674171,5.502612197851641,0.019179784421529733,ATAC
chr19.1650512.1653642,5.500515889625054,0.01920266241396648,ATAC
MS4A1,5.498449283090981,0.019225243911059137,RNA
LINC02785,5.49592436423064,0.0192528706333071,RNA
CDA,5.492125164771554,0.019294517528741836,RNA
chr18.54268831.54270705,5.480348501061522,0.01942420718744504,ATAC
BLNK,5.465199695018426,0.01959236078228159,RNA
chr1.86703795.86705963,5.4546892385753205,0.019709913295295627,ATAC
chr8.37735936.37738223,5.453953203080994,0.019718172683323806,ATAC
chr6.4774714.4777882,5.4509854497447,0.019751511569562178,ATAC
chr3.18443285.18446368,5.44034051284618,0.0198715747483322,ATAC
chr10.133273060.133280844,5.438597977491814,0.019891300512235473,ATAC
chr12.55727176.55730784,5.435429664312708,0.019927218276563432,ATAC
chr12.56115717.56119816,5.428617426783863,0.020004673288938946,ATAC
chr18.35343534.35344962,5.426674648080974,0.020026819747988298,ATAC
chr9.110255165.110257822,5.424632752795983,0.02005012344953602,ATAC
chr2.218404341.218407882,5.420103751426996,0.020101912251853746,ATAC
BASP1,5.414782064700712,0.02016294248056836,RNA
chr22.31943489.31945987,5.407145127989052,0.02025086008105372,ATAC
NRGN,5.40661017637068,0.020257033392801303,RNA
chr1.53944866.53946982,5.401828245433674,0.020312303298814532,ATAC
chr9.35110574.35112687,5.396863531121997,0.020369851170714062,ATAC
CFD,5.394317792452451,0.020399425282172187,RNA
chr19.3034711.3036996,5.393463391236109,0.020409360919072195,ATAC
IL1B,5.387211180941041,0.02048221922197599,RNA
AK5,5.382370486072396,0.020538813933066686,RNA
MYDGF,5.3786907221619105,0.02058194408810326,RNA
chr5.131796114.131797865,5.367917534773258,0.02070875606659246,ATAC
AC099063.1,5.364680438589451,0.02074701817324996,RNA
AF196972.1,5.362860765069107,0.020768558670281385,RNA
chr19.52962084.52963666,5.350181624088518,0.020919293726966808,ATAC
GPAT3,5.3398885037511885,0.021042496591353946,RNA
chr11.45917229.45919436,5.336479040485857,0.02108347160155725,ATAC
RGCC,5.335363307551526,0.021096898463541833,RNA
chr10.70145109.70147371,5.324527137039128,0.021227764321531003,ATAC
FBN2,5.319408643919949,0.02128987155750361,RNA
RFX2,5.31750037541818,0.02131307446991242,RNA
chr1.35930076.35931993,5.312828851103036,0.021369986946927363,ATAC
CACNA2D3,5.310845291035644,0.021394200003140955,RNA
chr7.37447190.37449865,5.307628567757882,0.02143352661628866,ATAC
RPS3A,5.307566983426021,0.02143428025725144,RNA
chr12.57234395.57244267,5.286279043340954,0.02169644622830147,ATAC
SGK1,5.2826446799361255,0.021741535587658598,RNA
RUBCNL,5.275152525694338,0.021834793225596064,RNA
chr22.50543897.50549531,5.268495879835639,0.021917999106876467,ATAC
chr10.69317267.69320275,5.266213542753861,0.02194660323734995,ATAC
chr9.127450253.127452734,5.262530693625599,0.021992841434696122,ATAC
chr22.21936204.21940072,5.260373563454486,0.022019971145030338,ATAC
chr11.65856649.65861399,5.259014148880382,0.02203708601068135,ATAC
chr9.136106376.136111251,5.25690481062105,0.022063669652638184,ATAC
FCRL1,5.251244865966744,0.022135165551210853,RNA
chr1.150148878.150152299,5.251169838943218,0.02213611489838455,ATAC
chr11.106076522.106078304,5.232995439205045,0.022367332263195705,ATAC
chr11.66311533.66314870,5.216216243223953,0.022583025064304985,ATAC
chr13.72726746.72728465,5.207776772352716,0.02269232748461469,ATAC
SEMA3C,5.206690181911566,0.022706440132741618,RNA
chr1.151789903.151791731,5.206023941593971,0.022715097774589313,ATAC
chr9.2014505.2019644,5.203913577625532,0.022742544101376883,ATAC
chr11.66068008.66071932,5.200025489739151,0.022793200786062458,ATAC
chr6.35687594.35689657,5.195270411325832,0.02285531249124379,ATAC
chr1.42957198.42959708,5.193825996376858,0.022874214479036578,ATAC
chr1.243848730.243851472,5.17859713151334,0.02307449384312218,ATAC
chr17.35241562.35245254,5.166945899083112,0.023228951652028058,ATAC
chr10.119595548.119597871,5.161120430908347,0.02330658083995481,ATAC
chr9.96416759.96419698,5.137496514676021,0.023624161539069377,ATAC
chr1.25020439.25023478,5.1340507224164496,0.023670858245083543,ATAC
chr17.3913558.3917750,5.133978494503893,0.02367183808908886,ATAC
chr21.44011534.44014117,5.132686930125294,0.023689366569277562,ATAC
chr19.14089303.14092426,5.13261561450978,0.02369033482267202,ATAC
SH3RF2,5.128097759010606,0.023751757707700057,RNA
chr19.42198630.42202815,5.1187481819330936,0.023879396743941256,ATAC
chr9.124861024.124862940,5.11562948444711,0.023922131075568377,ATAC
TBC1D8,5.1111206224678085,0.023984054845352955,RNA
chr1.159921157.159926549,5.109054435496499,0.024012487054817306,ATAC
FNIP2,5.101277395843058,0.024119819083077622,RNA
chr2.191013023.191015034,5.099386459525422,0.024145991432851694,ATAC
chr4.148441843.148446242,5.08896576682036,0.02429075414354736,ATAC
chr14.24270632.24272224,5.083423670995306,0.02436811126385908,ATAC
chr20.62064996.62068268,5.0650829055408595,0.02462594449822223,ATAC
ARHGAP26,5.050512294040179,0.02483279795762936,RNA
LINC00926,5.040677408248412,0.024973440707155715,RNA
chr5.80406997.80408809,5.039898630572625,0.024984612867814553,ATAC
chr17.2814036.2816096,5.038070509068665,0.025010859092180596,ATAC
chr16.89246774.89248567,5.027610355771629,0.025161587249621826,ATAC
DGKH,5.018514891092078,0.025293418440480032,RNA
chr22.30422787.30427167,5.017005154598106,0.02531537024095166,ATAC
chr5.126776332.126779006,4.995303136826699,0.025633120139102884,ATAC
chr11.125591452.125593457,4.9873022061586445,0.025751310075585614,ATAC
chr12.6948776.6955682,4.97686205651817,0.025906385480967995,ATAC
CD68,4.969164099016479,0.026021351277125446,RNA
chr1.156122742.156127831,4.955924821675983,0.02622031788805139,ATAC
chr1.20660659.20662249,4.94694314613475,0.02635620009569901,ATAC
chr4.86934253.86936754,4.944409795170834,0.026394659106957426,ATAC
AC069277.1,4.942673213822964,0.026421056037617994,RNA
chr1.19310983.19313425,4.942507292218097,0.026423579569346763,ATAC
chr10.72272593.72276254,4.942022218296516,0.026430958585602193,ATAC
chr11.61160516.61163075,4.934675904995498,0.026542974431848786,ATAC
LIN7A,4.9335953145195175,0.026559492815565747,RNA
chr12.3751910.3754159,4.926715008008919,0.026664919555405023,ATAC
chr14.32075863.32078464,4.925009276713235,0.02669112376694697,ATAC
chr10.6200526.6204640,4.914805621914236,0.02684843787268027,ATAC
chr17.51119438.51122287,4.9081208018599245,0.026952023820008306,ATAC
chr13.74132018.74136793,4.902241765009816,0.027043467569724235,ATAC
chr9.124868284.124871403,4.901148845053331,0.0270605026591915,ATAC
PDGFC,4.898167201990203,0.02710703369682205,RNA
chr6.158812654.158820440,4.891005495925916,0.027219138920508465,ATAC
chr17.82448939.82451302,4.888689835227385,0.027255490171594187,ATAC
chr5.181187259.181192804,4.878430545004212,0.027417149935826304,ATAC
chr6.41732377.41736126,4.864023746736446,0.027645851848077118,ATAC
chr17.1455086.1457275,4.8631439782991155,0.027659882042112463,ATAC
chr5.163459311.163462241,4.854294139429575,0.027801429114294444,ATAC
LINC02250,4.845381139903168,0.027944749510493753,RNA
chr8.143022292.143027793,4.843454703368248,0.0279758275442247,ATAC
chr18.12990095.12992067,4.843345060366955,0.02797759743141527,ATAC
chr1.16366719.16368510,4.842148689308674,0.027996917164502855,ATAC
chr19.43667733.43670605,4.840110335609206,0.028029865782671543,ATAC
chr6.33787773.33789666,4.83715253005212,0.028077748611532605,ATAC
SAMD12,4.831455946424642,0.028170208892117053,RNA
chr6.31734423.31740865,4.817451460821228,0.028398865065486903,ATAC
chr14.104793999.104798322,4.790012857696755,0.02885249230403281,ATAC
chr9.125188956.125190803,4.786243070387363,0.028915403963960713,ATAC
chr5.176533058.176538549,4.780716300189826,0.029007895573741758,ATAC
chr17.81910299.81912876,4.7676253296788165,0.029228208842807732,ATAC
chr9.35814320.35816020,4.767591661778307,0.02922877769842545,ATAC
chr22.37657663.37659835,4.764839791246134,0.029275312603489152,ATAC
chrX.2690374.2694271,4.763956712817353,0.029290262083438507,ATAC
chr2.190407033.190409318,4.7587119011313925,0.02937921484960223,ATAC
chr13.99431899.99435147,4.754623626022011,0.029448748033489118,ATAC
chr10.92590690.92593654,4.751816221083784,0.029496595658734512,ATAC
chr16.69563779.69567491,4.7385581531991985,0.02972365631870951,ATAC
chr17.75895331.75897621,4.725524278635722,0.029948655902952953,ATAC
chr1.27631008.27637385,4.723003899190498,0.029992369117503297,ATAC
IGKC,4.715795831509765,0.03011775310708543,RNA
chr1.206684461.206687080,4.711512571137353,0.030192519271983704,ATAC
LRRN3,4.709974988322802,0.030219405683416734,RNA
chr1.40383483.40386758,4.709961702647438,0.03021963810767783,ATAC
chr19.53102562.53104193,4.701600263823465,0.030366286882957217,ATAC
chr2.62195087.62198586,4.696408269884216,0.03045772145500728,ATAC
chr6.30066067.30067792,4.693016886740591,0.030517601204283037,ATAC
DST,4.691920247584097,0.030536990236236555,RNA
EBF1,4.691782926384744,0.030539419037616228,RNA
chr14.90396347.90400366,4.691779633584088,0.030539477279889368,ATAC
chr1.18953759.18958386,4.690892449919009,0.030555173799273794,ATAC
chr3.185585564.185587100,4.686238361582544,0.030637654498436084,ATAC
RYR3,4.685347928136707,0.030653461419119992,RNA
chr2.231705989.231716588,4.68470422325308,0.03066489373264054,ATAC
chr20.49186689.49188978,4.676703874887162,0.030807353493129904,ATAC
CCDC26,4.676109468913811,0.03081796544522394,RNA
chr12.8081290.8083061,4.672650941328219,0.03087978644380267,ATAC
chr19.48362913.48365849,4.670876038981929,0.030911563007555896,ATAC
PAX5,4.664218618870118,0.031031057259337493,RNA
chr17.7560324.7562668,4.657260556056824,0.03115646355540938,ATAC
chr6.108260017.108262013,4.656433279372029,0.03117140887241631,ATAC
SH3RF1,4.650276100522636,0.03128287807393451,RNA
chr1.11011694.11013516,4.644717810405742,0.03138386269532158,ATAC
chr13.41456014.41466705,4.637165451188148,0.03152162225336093,ATAC
chr7.150404151.150409375,4.636102661325438,0.031541058830791904,ATAC
PDIA4,4.626299281545633,0.03172093724933549,RNA
chr11.75523967.75526638,4.623565395529355,0.031771291194693435,ATAC
chr5.179816540.179822280,4.6210848506388675,0.03181705127383314,ATAC
chr7.42931390.42933153,4.617855816305579,0.03187672239952273,ATAC
TUBA1B,4.612344104215556,0.03197884677556842,RNA
chr3.196867322.196868778,4.611445383469315,0.03199553122383812,ATAC
chr4.89110674.89112384,4.598253343619633,0.03224148682484966,ATAC
IFNG.AS1,4.594048055263646,0.03232030606394742,RNA
PADI4,4.591837219587593,0.03236182427342297,RNA
chr9.33263408.33265827,4.586276657322068,0.03246649509416732,ATAC
LINC00278,4.584843250381707,0.03249353458086944,RNA
chr14.49999042.50004098,4.5781298885629,0.03262048779333094,ATAC
chr1.9128021.9130494,4.575059210315806,0.03267872871626374,ATAC
chr17.7250810.7253075,4.574620591593659,0.03268705677895521,ATAC
chr12.106301532.106304460,4.567188737971653,0.03282850345934477,ATAC
chr8.42842394.42843892,4.56418987946762,0.0328857603419241,ATAC
chr1.110209450.110212901,4.557419386791519,0.03301541307880841,ATAC
chr1.21292603.21295438,4.551480717472078,0.03312957685143387,ATAC
chr11.776482.779004,4.549315444101372,0.0331713042941821,ATAC
LDLRAD3,4.546474890470634,0.03322612859913438,RNA
NTNG1,4.542452634055016,0.033303922649002254,RNA
chr4.73257124.73260135,4.541205084635147,0.03332809007486972,ATAC
SRGN,4.537467284454012,0.033400608341122066,RNA
S100B,4.536879479717249,0.03341202754478733,RNA
chr1.30753506.30758397,4.534112967061725,0.033465827097000744,ATAC
MEF2C.AS1,4.5333302803235735,0.033481064218046336,RNA
chr4.98260086.98262772,4.532832614220908,0.03349075641421202,ATAC
chr10.70403586.70406015,4.529177431031609,0.03356203222943601,ATAC
chr20.34875531.34877232,4.524445338359001,0.03365454355598101,ATAC
chr19.49495574.49501998,4.520218306825119,0.03373740671223698,ATAC
CD22,4.5199389873705345,0.03374288977023519,RNA
chr5.134003641.134006140,4.514017576003399,0.03385934715815682,ATAC
MITF,4.498102537127474,0.034174440546705105,RNA
CYP1B1.AS1,4.494462804001187,0.03424693202106337,RNA
chr7.36152317.36154188,4.491922346625775,0.034297624934007814,ATAC
chr3.129312856.129317340,4.486261918036017,0.03441085726360832,ATAC
chr14.104751922.104754711,4.485957893946824,0.03441695008664596,ATAC
chr22.50198085.50202162,4.484576570576724,0.03444464685462718,ATAC
PRKN,4.4814445175731485,0.03450753380484174,RNA
IL1RAP,4.480390246514828,0.034528729030094574,RNA
chr16.3263308.3265211,4.476981687707023,0.03459734854960055,ATAC
C12orf42,4.4573154527669745,0.034996059067959925,RNA
chr4.18020224.18023001,4.454111802152377,0.035061463940520246,ATAC
chr7.127391393.127393515,4.453514327825959,0.03507367597664493,ATAC
chr7.106659770.106661685,4.451727913077801,0.035110215865346565,ATAC
chr17.81859424.81861959,4.451094360402773,0.035123184328290306,ATAC
C11orf49,4.447921221142144,0.03518821223207193,RNA
AC009226.1,4.440039077137785,0.035350289290968624,RNA
FOSL1,4.439510519620823,0.03536118573195197,RNA
RPS19,4.43724589393953,0.03540791182189091,RNA
chr6.45376955.45378741,4.434052629750726,0.0354739084943875,ATAC
TMTC1,4.418333533265968,0.03580066660486004,RNA
chr16.57734696.57737110,4.405801299654314,0.03606343782504524,ATAC
chr1.113928305.113931997,4.405134699973729,0.036077471343830506,ATAC
chr22.36384589.36388749,4.403605649433492,0.036109683147667035,ATAC
NCAPH,4.401591478148725,0.03615216078928892,RNA
SLC16A10,4.3963000913055374,0.03626400267143292,RNA
chr11.68029541.68031503,4.389141080068999,0.03641589749146712,ATAC
chr17.64661010.64662997,4.3888406984295,0.036422285339576956,ATAC
chr3.129439249.129441665,4.388188360536585,0.0364361618565813,ATAC
chr12.6688335.6690170,4.3843791996913355,0.03651730101115566,ATAC
chr14.50230386.50232423,4.383819744341036,0.036529233949584836,ATAC
chr6.34223425.34224778,4.383764615647147,0.03653041004185716,ATAC
LMNA,4.375370996499028,0.03670994006394498,RNA
RPS10,4.371721021175345,0.036788297352718824,RNA
chr12.69738247.69740168,4.368406247565595,0.03685961056244284,ATAC
PELI2,4.361233402988777,0.03701442214974599,RNA
chr7.100887051.100891367,4.356437417510786,0.03711831432377637,ATAC
AL365295.1,4.355544875858015,0.03713768258512096,RNA
chr4.336121.338957,4.351826337556975,0.03721848948658123,ATAC
chr16.50065502.50067871,4.3452061298177185,0.037362808928415536,ATAC
chr13.28136909.28140277,4.344142275374772,0.037386055483874636,ATAC
ZEB2,4.339619736947171,0.03748504814532864,RNA
AC120193.1,4.334545464834096,0.037596445065838854,RNA
chr11.72735641.72740414,4.330717616073289,0.03768070875386366,ATAC
PLEKHG1,4.330072379407481,0.03769493206863257,RNA
chr19.19319910.19321911,4.325845330948166,0.03778825075261283,ATAC
chr22.21866280.21868538,4.319354459496968,0.03793201917074456,ATAC
chr17.75524244.75526799,4.315822089762367,0.03801049990284292,ATAC
chr3.171457590.171461539,4.301822255635074,0.038323222886074586,ATAC
chr17.62965256.62967087,4.295831089209049,0.038457875534420954,ATAC
chr6.135497174.135498873,4.272600139291098,0.0389847122087038,ATAC
chr17.65558685.65562286,4.2691418873935305,0.039063785102892545,ATAC
ARHGAP22,4.263577070176839,0.039191378466190474,RNA
chr17.83076913.83082321,4.263514820484339,0.03919280823693864,ATAC
ADCY9,4.2576784547455855,0.039327103469270014,RNA
CCDC50,4.253971262639758,0.03941265725672909,RNA
chr15.74540327.74542375,4.24877433345867,0.03953292024499707,ATAC
chr1.150566637.150580600,4.246025911787769,0.03959667775172258,ATAC
chr5.59038301.59040617,4.241430962817555,0.03970351219878555,ATAC
chr17.3891509.3894019,4.233856439120627,0.03988028476490796,ATAC
chrX.47217103.47220019,4.228238873187193,0.04001192042460619,ATAC
chr4.17576424.17579034,4.21515167282187,0.04032036568039589,ATAC
chr10.48306024.48307600,4.207917528578633,0.04049193525742104,ATAC
chr12.12714083.12720011,4.207637913630395,0.0404985821725442,ATAC
COL19A1,4.203421110937981,0.04059896186679184,RNA
chr19.41305982.41310849,4.199293232482194,0.04069747818861099,ATAC
chr2.25672575.25674369,4.197716651495571,0.040735171330669416,ATAC
chr7.2402904.2407406,4.189100663412733,0.040941813329283996,ATAC
ISG15,4.187172475878273,0.04098820891509055,RNA
SNED1,4.185538687575064,0.041027564018171994,RNA
chr6.26043036.26045926,4.185262913640808,0.04103421084979967,ATAC
chrX.1660976.1662369,4.185063236303581,0.041039024272853206,ATAC
chr4.2789928.2795931,4.183464771795731,0.04107757828210173,ATAC
BTBD11,4.17883305096947,0.0411895079223183,RNA
chr8.47959538.47961675,4.175268506304629,0.04127586676061296,ATAC
chr3.53160389.53163843,4.169558128811301,0.0414146103062223,ATAC
chr12.49622003.49624236,4.16941268530868,0.04141815051026787,ATAC
FAR2,4.165335654827918,0.04151751816883783,RNA
chr10.134258.137487,4.164860145920292,0.0415291238603786,ATAC
chr6.18262780.18265343,4.1611090829439235,0.04162079539449948,ATAC
chr1.16913020.16914930,4.159859287277724,0.04165138619254667,ATAC
chr22.41412434.41415045,4.15662689802362,0.04173061400264805,ATAC
chr12.46266381.46270378,4.155880845523957,0.04174892271633485,ATAC
chr14.73135959.73137658,4.155437439971583,0.041759808241496985,ATAC
chr11.111926337.111927803,4.1548051630378655,0.04177533569129544,ATAC
F5,4.152706664627327,0.04182691415585472,RNA
MYO1D,4.15234032892379,0.04183592509808838,RNA
chr2.197514844.197516823,4.151771838997243,0.041849912574273423,ATAC
chr12.57430030.57431610,4.146402719348885,0.041982260724787425,ATAC
chr19.5826367.5829609,4.145716287834115,0.04199921291276218,ATAC
chr17.16380279.16381878,4.140356712550318,0.042131821585771806,ATAC
HHAT,4.134826939871017,0.04226910341455955,RNA
chr12.68807202.68809253,4.126952065909011,0.042465418002678404,ATAC
chr16.68230991.68238383,4.123566831826674,0.042550104123825164,ATAC
SPECC1,4.11922263860816,0.042659040492310146,RNA
PRLR,4.112754995035906,0.0428217696256677,RNA
chr19.8831647.8833398,4.1054528361601585,0.04300628161860247,ATAC
COBLL1,4.098336422508527,0.04318690605488048,RNA
MAST4,4.09586487702437,0.04324982412022375,RNA
chr12.53451580.53453207,4.094328775210932,0.043288977274754684,ATAC
chr16.22296662.22299098,4.085322941391308,0.043519276278844866,ATAC
chr8.127733848.127739178,4.084911784788015,0.043529821222658395,ATAC
TXNDC5,4.082779920580133,0.04358454038488119,RNA
chr17.82457131.82459589,4.078219104460729,0.04370184768592748,ATAC
chr9.136943397.136946662,4.076994895683488,0.043733391776335354,ATAC
NR4A1,4.0704296998055005,0.04390296653167475,RNA
chr1.211258188.211261210,4.069825893174605,0.04391859722488795,ATAC
UGGT2,4.0688618408116435,0.04394356572946389,RNA
chr1.6612563.6615586,4.0637556380498685,0.04407606371033917,ATAC
chr2.47904306.47907864,4.062687638496469,0.0441038298398554,ATAC
chr2.84969255.84972534,4.060652868693703,0.04415678135263641,ATAC
chr11.117814426.117818596,4.059989719821425,0.04417405317924993,ATAC
PGAP1,4.059941952814542,0.04417529755409385,RNA
chr17.75978463.75980430,4.058826237592104,0.044204373484805624,ATAC
DACH1,4.049661869593462,0.04444396494735722,RNA
UBE3D,4.047750659367617,0.04449410356962604,RNA
chr20.33992388.33994918,4.047148194259259,0.04450992097818493,ATAC
IGHGP,4.045691595166867,0.04454818773129481,RNA
DHRS7B,4.045128489855925,0.0445629905363574,RNA
chr11.9572633.9575422,4.04201158929796,0.04464502088571922,ATAC
chr14.35398233.35405790,4.033452267447749,0.04487110452943732,ATAC
AC092546.1,4.020175780694925,0.045224178277690506,RNA
chr19.49117836.49120791,4.010317925344952,0.04548823248881663,ATAC
chr13.30463903.30467269,4.008464307274059,0.0455380652453524,ATAC
chr19.35140622.35145422,4.006647191950295,0.04558697257377073,ATAC
chr6.157379685.157382582,3.9996826040789277,0.04577493710710331,ATAC
chr9.137451791.137463979,3.998973263182676,0.04579412706786673,ATAC
ACSM3,3.9972919969361764,0.045839644662313085,RNA
SDK2,3.996838296111825,0.045851936065383986,RNA
chr11.65711279.65713025,3.995412141306962,0.04589059529073121,ATAC
chr1.1272796.1275292,3.9935216590094162,0.04594189421714376,ATAC
chr11.63937958.63939897,3.9813264230612484,0.04627427432570073,ATAC
chr14.91415209.91419551,3.979401979052518,0.04632695633539665,ATAC
chr21.37071990.37074559,3.9742106674326982,0.046469385471816296,ATAC
chr7.33061999.33063636,3.972683952204353,0.04651136043786489,ATAC
chr11.62024956.62026384,3.96730484823122,0.04665957089382633,ATAC
FCER2,3.964676688108734,0.046732165858895405,RNA
chr9.136361543.136367243,3.9640789024624645,0.04674869452007826,ATAC
chr12.13100631.13102681,3.959114998238011,0.04688618424521806,ATAC
TK1,3.9588797015742574,0.046892712060049045,RNA
chr10.6088550.6090180,3.9581586725568116,0.04691272148291153,ATAC
chr4.177440960.177443213,3.954964637606944,0.04700146830379673,ATAC
chr14.100374892.100376898,3.947112720966062,0.0472203897788286,ATAC
chr11.65569215.65571060,3.9423532501559495,0.04735361400054586,ATAC
chr16.30557053.30559074,3.938734662655461,0.04745516898791444,ATAC
chr1.33348675.33350746,3.937539363330089,0.047488765376311505,ATAC
chr8.42139136.42142287,3.931468143824336,0.047659798108590286,ATAC
chr13.114139989.114144424,3.9308912220027716,0.04767608443947774,ATAC
chr1.205283861.205287077,3.9299984894775717,0.047701297603535246,ATAC
chr1.225923460.225924918,3.9293551364313775,0.0477194763564182,ATAC
FTCDNL1,3.9253506983384203,0.04783279152728755,RNA
chr20.63536324.63538854,3.921368510635509,0.047945759088585435,ATAC
chr6.125956387.125958306,3.9178637540307513,0.04804541606480685,ATAC
NEGR1,3.9164209571186253,0.04808650526565455,RNA
chr20.57708091.57711040,3.911008607250147,0.04824097407974233,ATAC
chr12.53218869.53224370,3.907407977306031,0.04834402675464588,ATAC
chr1.7703817.7705992,3.905286881540879,0.048404842974156474,ATAC
chr6.29940391.29949270,3.900092107462364,0.04855412979204083,ATAC
chr11.65636572.65642410,3.8977195517493644,0.04862247387979911,ATAC
chr12.8026014.8027688,3.895836256936797,0.04867679667773739,ATAC
chr1.18948146.18952699,3.891130876428719,0.048812801933249966,ATAC
chr12.12999665.13001917,3.8907676455342197,0.04882331752450258,ATAC
chr5.180493785.180495364,3.8889824470603926,0.048875034129362886,ATAC
AC114763.1,3.8848484696883583,0.04899501660659115,RNA
LINC01146,3.8822889050961056,0.04906946022557848,RNA
chr5.112920961.112924254,3.8818759043050917,0.04908148334518232,ATAC
chr6.111871064.111874475,3.876435995479455,0.04924013900249278,ATAC
PRICKLE1,3.8745266492828856,0.04929595387011463,RNA
chr3.197735894.197737731,3.865197891519679,0.04956962026537676,ATAC
chr1.167713179.167716928,3.8614755673350807,0.049679265755269916,ATAC
chr22.41919118.41927485,3.8607732174476856,0.04969998306839228,ATAC
