{
  "Dataset_Info": {
    "Modality": "scRNA-seq ONLY",
    "Total_Samples": 1455,
    "Total_Features_Original": 1888,
    "Total_Features_Final": 944,
    "Cell_Types": 4,
    "Class_Names": [
      "B_cell",
      "Monocyte",
      "NK_cell",
      "T_cells"
    ]
  },
  "Class_Distribution": [
    {
      "Cell_Type": "Monocyte",
      "Count": 623,
      "Proportion": 0.4281786941580756,
      "Imbalance_Ratio": 1.0
    },
    {
      "Cell_Type": "T_cells",
      "Count": 616,
      "Proportion": 0.4233676975945017,
      "Imbalance_Ratio": 1.0113636363636365
    },
    {
      "Cell_Type": "B_cell",
      "Count": 134,
      "Proportion": 0.09209621993127148,
      "Imbalance_Ratio": 4.649253731343284
    },
    {
      "Cell_Type": "NK_cell",
      "Count": 82,
      "Proportion": 0.056357388316151204,
      "Imbalance_Ratio": 7.597560975609756
    }
  ],
  "Balancing_Applied": "True",
  "Model_Performance": [
    {
      "Model": "Random Forest",
      "Accuracy": 0.9759450171821306,
      "Precision": 0.9753685844141449,
      "Recall": 0.9759450171821306,
      "F1_Score": 0.9756057278854962,
      "AUC": 0.9985205516133351
    },
    {
      "Model": "XGBoost",
      "Accuracy": 0.9828178694158075,
      "Precision": 0.9826542300769106,
      "Recall": 0.9828178694158075,
      "F1_Score": 0.9824562856235941,
      "AUC": 0.9993295993811457
    },
    {
      "Model": "SVM",
      "Accuracy": 0.979381443298969,
      "Precision": 0.9801753497790868,
      "Recall": 0.979381443298969,
      "F1_Score": 0.9772047560604672,
      "AUC": 0.9984615670698145
    }
  ],
  "Cross_Validation": {
    "Train_Accuracy": {
      "Random Forest": 0.9866,
      "XGBoost": 1.0,
      "SVM": 1.0
    },
    "Validation_Accuracy": {
      "Random Forest": 0.9764,
      "XGBoost": 0.989,
      "SVM": 0.99
    },
    "Overfitting_Gap": {
      "Random Forest": 0.0102,
      "XGBoost": 0.011,
      "SVM": 0.01
    },
    "Train_Std": {
      "Random Forest": 0.0005,
      "XGBoost": 0.0,
      "SVM": 0.0
    },
    "Val_Std": {
      "Random Forest": 0.0056,
      "XGBoost": 0.0041,
      "SVM": 0.0045
    }
  }
}